City_ID,City,Country,Date,Lat,Lng,Max Temp,Humidity,Cloudiness,Wind Speed
0,Kapaa,US,2021-07-27 18:14:41,22.0752,-159.319,80.92,81,40,1.01
1,Fairbanks,US,2021-07-27 18:14:42,64.8378,-147.7164,63.1,77,90,4.61
2,Avarua,CK,2021-07-27 18:14:42,-21.2078,-159.775,69.85,83,40,3.44
3,North Aurora,US,2021-07-27 18:14:28,41.8061,-88.3273,85.28,63,90,1.01
4,Vanderhoof,CA,2021-07-27 18:09:52,54.0166,-124.0198,66.22,40,18,4.43
5,Puerto Ayora,EC,2021-07-27 18:14:42,-0.7393,-90.3518,74.7,68,55,10.25
6,Pevek,RU,2021-07-27 18:14:42,69.7008,170.3133,33.96,93,100,14.63
7,Chuy,UY,2021-07-27 18:14:43,-33.6971,-53.4616,49.1,52,8,17.27
8,Ostersund,SE,2021-07-27 18:14:43,63.1792,14.6357,74.61,49,71,8.05
9,Meadow Lake,US,2021-07-27 18:14:43,34.8014,-106.5436,85.24,43,61,7.47
10,La Libertad,EC,2021-07-27 18:14:44,-2.2333,-80.9,73.31,79,92,11.05
11,Nemuro,JP,2021-07-27 18:14:44,43.3236,145.575,62.4,100,100,6.55
12,Vetlanda,SE,2021-07-27 18:14:44,57.4289,15.0776,60.67,98,100,2.8
13,Psebay,RU,2021-07-27 18:14:44,44.1234,40.8107,60.15,96,100,7.58
14,Kudahuvadhoo,MV,2021-07-27 18:14:45,2.6708,72.8944,82.24,74,99,9.1
15,Thompson,CA,2021-07-27 18:14:45,55.7435,-97.8558,82.2,25,43,9.33
16,San Andres,CO,2021-07-27 18:10:13,12.5847,-81.7006,87.82,70,40,11.5
17,Nikolskoye,RU,2021-07-27 18:14:45,59.7035,30.7861,80.49,54,42,4.45
18,Gorontalo,ID,2021-07-27 18:14:45,0.5412,123.0595,73.02,90,57,3.22
19,Komsomolskiy,UZ,2021-07-27 18:14:46,40.4272,71.7189,84.92,34,40,4.61
20,Vao,NC,2021-07-27 18:14:46,-22.6667,167.4833,67.71,59,79,15.9
21,Rikitea,PF,2021-07-27 18:14:46,-23.1203,-134.9692,74.28,77,97,14.72
22,Chegdomyn,RU,2021-07-27 18:14:46,51.1167,133.0167,67.62,97,98,1.05
23,Nalut,LY,2021-07-27 18:14:47,30.3333,10.85,94.28,11,0,10.25
24,Mar Del Plata,AR,2021-07-27 18:14:16,-38.0023,-57.5575,51.01,56,40,11.99
25,Georgetown,MY,2021-07-27 18:14:47,5.4112,100.3354,83.89,83,40,0.0
26,Port Lincoln,AU,2021-07-27 18:14:47,-34.7333,135.8667,53.26,71,25,27.54
27,Carnarvon,AU,2021-07-27 18:14:48,-24.8667,113.6333,59.07,58,90,4.61
28,Nizwa,OM,2021-07-27 18:14:48,22.9333,57.5333,100.47,28,98,2.26
29,Lorengau,PG,2021-07-27 18:14:48,-2.0226,147.2712,81.14,78,28,7.29
30,Saint George,US,2021-07-27 18:14:48,37.1041,-113.5841,90.79,52,1,1.99
31,Presidencia Roque Saenz Pena,AR,2021-07-27 18:14:49,-26.7852,-60.4388,63.86,11,1,12.8
32,Saldanha,ZA,2021-07-27 18:14:49,-33.0117,17.9442,57.72,86,100,12.97
33,Ancud,CL,2021-07-27 18:14:49,-41.8697,-73.8203,49.53,65,63,2.04
34,Hithadhoo,MV,2021-07-27 18:14:49,-0.6,73.0833,81.07,78,98,7.49
35,Castro,BR,2021-07-27 18:14:50,-24.7911,-50.0119,62.58,74,75,8.25
36,Yellowknife,CA,2021-07-27 18:10:23,62.456,-114.3525,56.32,62,54,5.01
37,Severo-Kurilsk,RU,2021-07-27 18:14:50,50.6789,156.125,57.0,97,100,9.06
38,Awbari,LY,2021-07-27 18:14:50,26.5921,12.7805,94.41,13,3,9.28
39,Toora-Khem,RU,2021-07-27 18:14:50,52.4675,96.11,58.1,97,96,2.3
40,Kikwit,CD,2021-07-27 18:14:51,-5.041,18.8162,77.94,17,26,3.09
41,Seryshevo,RU,2021-07-27 18:14:51,51.0933,128.3786,68.23,97,100,4.76
42,Cape Town,ZA,2021-07-27 18:12:53,-33.9258,18.4232,57.09,88,90,5.99
43,Osinniki,RU,2021-07-27 18:14:51,53.6239,87.3598,52.12,91,32,2.26
44,Warrington,GB,2021-07-27 18:14:52,53.3925,-2.5802,68.11,82,40,8.05
45,Kununurra,AU,2021-07-27 18:11:39,-15.7667,128.7333,66.18,88,75,0.0
46,Lebu,CL,2021-07-27 18:14:52,-37.6167,-73.65,49.68,66,1,24.74
47,Jamestown,US,2021-07-27 18:14:52,42.097,-79.2353,85.32,43,75,14.0
48,Cherskiy,RU,2021-07-27 18:14:52,68.75,161.3,35.87,85,91,17.02
49,Bonthe,SL,2021-07-27 18:14:53,7.5264,-12.505,77.59,83,98,11.12
50,Sao Raimundo Nonato,BR,2021-07-27 18:14:53,-9.0153,-42.6994,92.1,25,4,8.5
51,Nouadhibou,MR,2021-07-27 18:14:53,20.931,-17.0347,69.57,87,2,27.92
52,Paralimni,CY,2021-07-27 18:14:54,35.0375,33.9833,88.68,53,0,1.99
53,Gubkinskiy,RU,2021-07-27 18:14:54,64.434,76.5026,55.06,70,100,8.25
54,Hilo,US,2021-07-27 18:13:02,19.7297,-155.09,76.73,89,90,0.0
55,Klobuck,PL,2021-07-27 18:14:54,50.9008,18.9367,81.61,59,76,6.17
56,Cidreira,BR,2021-07-27 18:14:54,-30.1811,-50.2056,53.2,63,75,18.48
57,Los Algarrobos,PA,2021-07-27 18:14:55,8.5,-82.4333,84.87,67,65,7.7
58,Rumilly,FR,2021-07-27 18:14:55,45.8667,5.95,79.41,65,0,3.44
59,Khani,GE,2021-07-27 18:11:32,41.9563,42.9566,63.97,97,98,0.13
60,Dillon,US,2021-07-27 18:10:30,34.4166,-79.3712,95.2,46,26,3.91
61,San Agustin,MX,2021-07-27 18:14:55,20.5333,-103.4667,78.51,53,40,4.61
62,Yuksekova,TR,2021-07-27 18:14:55,37.5736,44.2872,67.57,31,2,2.93
63,Sibolga,ID,2021-07-27 18:14:56,1.7427,98.7792,77.13,89,60,2.37
64,Rosehearty,GB,2021-07-27 18:14:56,57.697,-2.1132,65.28,91,93,10.8
65,Butaritari,KI,2021-07-27 18:14:56,3.0707,172.7902,82.02,71,100,9.31
66,Talcahuano,CL,2021-07-27 18:13:39,-36.7167,-73.1167,55.08,50,0,17.27
67,Flinders,AU,2021-07-27 18:14:57,-34.5833,150.8552,59.38,62,100,4.0
68,Coquimbo,CL,2021-07-27 18:14:57,-29.9533,-71.3436,58.73,72,0,12.66
69,Miri,MY,2021-07-27 18:14:57,4.4148,114.0089,81.27,82,62,5.08
70,Isangel,VU,2021-07-27 18:14:57,-19.55,169.2667,69.19,72,40,12.26
71,Riyadh,SA,2021-07-27 18:14:58,24.6877,46.7219,105.94,11,25,4.32
72,Hofn,IS,2021-07-27 18:14:58,64.2539,-15.2082,55.56,77,96,4.99
73,Kavaratti,IN,2021-07-27 18:14:58,10.5669,72.642,81.77,79,100,19.04
74,Swiecie,PL,2021-07-27 18:14:59,53.4095,18.4474,80.91,62,85,5.37
75,Moba,CN,2021-07-27 18:14:59,33.2288,105.0179,58.19,81,63,4.97
76,Kovdor,RU,2021-07-27 18:14:59,67.5662,30.4758,63.79,67,69,2.64
77,Richards Bay,ZA,2021-07-27 18:15:00,-28.783,32.0377,66.67,64,20,18.52
78,Chara,RU,2021-07-27 18:15:01,56.9064,118.2631,62.53,78,84,2.08
79,Beringovskiy,RU,2021-07-27 18:12:18,63.05,179.3167,48.07,96,100,9.57
80,Sulangan,PH,2021-07-27 18:15:01,11.1373,123.7228,83.88,73,99,17.27
81,Nauchnyy Gorodok,RU,2021-07-27 18:15:02,53.4203,83.521,59.86,58,0,6.71
82,Asau,RO,2021-07-27 18:13:52,46.4333,26.4,79.72,81,68,3.27
83,Port Elizabeth,ZA,2021-07-27 18:12:43,-33.918,25.5701,61.11,42,17,8.81
84,Labuhan,ID,2021-07-27 18:15:02,-6.8844,112.2051,73.62,86,38,7.16
85,Karratha,AU,2021-07-27 18:15:03,-20.7377,116.8463,70.29,85,9,8.75
86,Mabay,PH,2021-07-27 18:15:04,6.0577,124.4666,79.43,80,99,1.74
87,Nanortalik,GL,2021-07-27 18:10:59,60.1432,-45.2371,46.0,77,94,0.47
88,Foz Do Iguacu,BR,2021-07-27 18:13:12,-25.5478,-54.5881,60.15,58,75,9.22
89,Konstantinovka,RU,2021-07-27 18:15:04,49.6167,127.9833,71.44,97,100,7.36
90,Bambous Virieux,MU,2021-07-27 18:15:04,-20.3428,57.7575,67.21,85,95,15.77
91,Xining,CN,2021-07-27 18:15:05,36.6167,101.7667,53.73,84,79,3.02
92,Pisco,PE,2021-07-27 18:15:05,-13.7,-76.2167,68.02,77,2,10.36
93,Pangnirtung,CA,2021-07-27 18:15:05,66.1451,-65.7125,46.4,100,75,3.44
94,Vanavara,RU,2021-07-27 18:15:05,60.34,102.2797,66.58,55,14,2.3
95,Guerrero Negro,MX,2021-07-27 18:15:06,27.9769,-114.0611,78.51,55,0,10.94
96,Tasiilaq,GL,2021-07-27 18:15:06,65.6145,-37.6368,42.96,82,49,5.39
97,Provideniya,RU,2021-07-27 18:15:06,64.3833,-173.3,46.9,99,100,10.36
98,Cabo San Lucas,MX,2021-07-27 18:15:06,22.8909,-109.9124,95.81,68,1,8.01
99,Dingle,PH,2021-07-27 18:15:07,10.9995,122.6711,79.05,81,96,11.7
100,Busselton,AU,2021-07-27 18:15:07,-33.65,115.3333,47.05,66,93,12.39
101,Sibu,MY,2021-07-27 18:15:08,2.3,111.8167,75.31,93,50,1.1
102,Kloulklubed,PW,2021-07-27 18:15:08,7.0419,134.2556,83.88,75,100,14.72
103,Shingu,JP,2021-07-27 18:15:08,33.7333,135.9833,76.91,82,97,5.5
104,Bathsheba,BB,2021-07-27 18:15:08,13.2167,-59.5167,88.41,66,40,17.27
105,Carballo,ES,2021-07-27 18:15:09,43.213,-8.691,77.07,79,27,6.58
106,Hashtrud,IR,2021-07-27 18:15:09,37.4779,47.0508,82.44,25,75,7.43
107,Muramatsu,JP,2021-07-27 18:15:09,37.6833,139.1833,68.99,96,42,2.08
108,Bairnsdale,AU,2021-07-27 18:15:10,-37.8333,147.6167,61.7,51,81,1.99
109,Bontang,ID,2021-07-27 18:15:10,0.1333,117.5,77.9,86,100,9.73
110,Codrington,AU,2021-07-27 18:15:10,-38.2667,141.9667,53.78,89,91,23.71
111,Gornozavodsk,RU,2021-07-27 18:12:17,58.3758,58.3211,45.41,84,51,3.74
112,Hobart,AU,2021-07-27 18:15:01,-42.8794,147.3294,58.26,65,90,5.01
113,Yulara,AU,2021-07-27 18:15:11,-25.2406,130.9889,67.84,34,90,5.75
114,Hamilton,US,2021-07-27 18:13:24,39.1834,-84.5333,90.95,47,1,3.44
115,Ingham,US,2021-07-27 18:15:11,42.6,-84.3833,84.74,59,75,5.75
116,Mtambile,TZ,2021-07-27 18:15:12,-5.3833,39.7,75.25,77,18,20.42
117,Severnyy,RU,2021-07-27 18:15:12,50.677,36.5532,80.64,34,7,4.47
118,Vestmannaeyjar,IS,2021-07-27 18:15:12,63.4427,-20.2734,52.9,88,100,10.69
119,Ostrovnoy,RU,2021-07-27 18:15:12,68.0531,39.5131,45.48,88,44,2.15
120,Ribeira Grande,PT,2021-07-27 18:15:13,38.5167,-28.7,79.2,69,40,13.8
121,Kirovsk,UA,2021-07-27 18:15:13,48.6375,38.6428,74.77,47,79,9.75
122,Charleston,US,2021-07-27 18:13:52,32.7766,-79.9309,86.02,88,75,3.0
123,Bluefield,US,2021-07-27 18:11:11,37.2698,-81.2223,87.06,51,40,4.0
124,Bansko,BG,2021-07-27 18:15:14,41.8383,23.4885,75.2,44,53,2.64
125,Nakamura,JP,2021-07-27 18:15:14,32.9833,132.9333,73.78,95,68,2.93
126,Machaneng,BW,2021-07-27 18:15:14,-23.1862,27.4886,57.6,36,0,7.36
127,Adrar,MR,2021-07-27 18:15:14,20.5022,-10.0711,102.27,12,100,15.82
128,Albany,US,2021-07-27 18:15:15,42.6001,-73.9662,88.14,58,21,4.65
129,Bilibino,RU,2021-07-27 18:15:15,68.0546,166.4372,39.79,83,93,6.53
130,Constitucion,CL,2021-07-27 18:10:18,-35.3333,-72.4167,53.69,51,0,10.33
131,Zhigansk,RU,2021-07-27 18:15:15,66.7697,123.3711,50.63,78,47,12.26
132,Amapa,BR,2021-07-27 18:15:16,1.0,-52.0,87.4,55,6,3.49
133,Mackay,AU,2021-07-27 18:12:50,-21.15,149.2,58.05,80,72,3.31
134,Rocha,UY,2021-07-27 18:14:27,-34.4833,-54.3333,47.07,61,39,19.37
135,Auki,SB,2021-07-27 18:15:16,-8.7676,160.7034,76.37,90,77,4.54
136,Berberati,CF,2021-07-27 18:15:16,4.2612,15.7922,69.35,93,99,1.45
137,Faanui,PF,2021-07-27 18:15:16,-16.4833,-151.75,77.9,74,47,9.28
138,Sambava,MG,2021-07-27 18:15:17,-14.2667,50.1667,69.98,78,44,12.55
139,Wajima,JP,2021-07-27 18:15:17,37.4,136.9,75.81,87,57,2.28
140,Jiwani,PK,2021-07-27 18:15:17,25.05,61.7417,84.65,84,100,7.9
141,Hermanus,ZA,2021-07-27 18:15:18,-34.4187,19.2345,54.81,88,53,20.74
142,Victoria,HK,2021-07-27 18:12:58,22.2855,114.1577,87.85,89,79,1.01
143,Baft,IR,2021-07-27 18:15:18,29.234,56.6057,77.09,22,21,18.86
144,Voh,NC,2021-07-27 18:15:18,-20.9667,164.7,60.98,80,0,4.99
145,Taitung,TW,2021-07-27 18:15:18,22.7583,121.1444,82.2,84,89,3.67
146,Tay Ninh,VN,2021-07-27 18:15:19,11.3,106.1,79.11,82,99,9.35
147,Lizzano,IT,2021-07-27 18:15:19,40.391,17.4476,86.4,75,10,4.45
148,Arraial Do Cabo,BR,2021-07-27 18:15:19,-22.9661,-42.0278,84.06,51,0,12.66
149,Nome,US,2021-07-27 18:15:20,64.5011,-165.4064,50.07,93,90,6.91
150,Torbay,CA,2021-07-27 18:15:20,47.6666,-52.7314,67.75,94,90,10.36
151,Raga,SS,2021-07-27 18:15:20,8.4596,25.678,70.34,95,88,2.48
152,Tabou,CI,2021-07-27 18:15:21,4.423,-7.3528,78.04,73,100,10.67
153,Airai,TL,2021-07-27 18:15:21,-8.9266,125.4092,56.91,74,36,2.53
154,Aksarka,RU,2021-07-27 18:15:21,66.5606,67.7975,49.71,79,100,7.02
155,Anchorage,US,2021-07-27 18:11:08,61.2181,-149.9003,61.99,77,90,1.01
156,Jurmala,LV,2021-07-27 18:15:21,56.968,23.7704,69.82,94,40,5.75
157,La Palma,US,2021-07-27 18:15:22,33.8464,-118.0467,97.75,71,20,1.99
158,Gravdal,NO,2021-07-27 18:15:22,68.1214,13.5031,69.48,77,0,6.91
159,Vaini,TO,2021-07-27 18:15:22,-21.2,-175.2,68.16,100,90,6.91
160,Inuvik,CA,2021-07-27 18:11:00,68.3499,-133.7218,55.44,70,100,3.56
161,Ciudad Bolivar,VE,2021-07-27 18:15:23,8.1222,-63.5497,89.08,56,70,5.68
162,Smithers,CA,2021-07-27 18:15:23,54.7804,-127.1743,57.52,67,40,3.44
163,Ambilobe,MG,2021-07-27 18:15:23,-13.2,49.05,68.85,81,56,3.58
164,San Patricio,US,2021-07-27 18:15:24,28.017,-97.5169,93.29,41,29,6.91
165,East London,ZA,2021-07-27 18:14:59,-33.0153,27.9116,73.89,30,0,8.68
166,Nsanje,MW,2021-07-27 18:15:24,-16.92,35.262,67.08,72,99,2.59
167,Batagay,RU,2021-07-27 18:15:24,67.6333,134.6333,41.43,82,11,4.88
168,Bluff,NZ,2021-07-27 18:13:50,-46.6,168.3333,48.79,71,75,21.12
169,Shenjiamen,CN,2021-07-27 18:13:39,29.9576,122.298,78.71,91,100,13.82
170,Yantzaza,EC,2021-07-27 18:15:25,-3.8278,-78.7594,77.63,67,45,2.75
171,Lulea,SE,2021-07-27 18:15:25,65.5842,22.1547,68.07,77,0,5.75
172,Fujinomiya,JP,2021-07-27 18:15:25,35.2167,138.6167,75.18,88,95,1.97
173,Concordia,AR,2021-07-27 18:15:26,-31.393,-58.0209,55.47,38,20,11.99
174,Yining,CN,2021-07-27 18:15:26,29.0361,114.5636,75.9,97,21,3.09
175,Honiara,SB,2021-07-27 18:15:26,-9.4333,159.95,76.93,89,79,6.96
176,Thinadhoo,MV,2021-07-27 18:15:26,0.5333,72.9333,82.15,71,59,4.63
177,Tilichiki,RU,2021-07-27 18:14:02,60.4667,166.1,48.79,90,100,8.1
178,Ulladulla,AU,2021-07-27 18:15:27,-35.35,150.4667,56.88,62,90,8.68
179,Eirunepe,BR,2021-07-27 18:15:27,-6.6603,-69.8736,92.43,42,89,2.33
180,Rawson,AR,2021-07-27 18:15:27,-43.3002,-65.1023,45.54,61,61,26.24
181,Ponta Do Sol,PT,2021-07-27 18:15:28,32.6667,-17.1,76.71,75,3,3.85
182,Rojhan,PK,2021-07-27 18:15:28,28.6868,69.9534,93.2,51,100,13.73
183,Mezen,RU,2021-07-27 18:15:28,65.8522,44.24,45.66,80,100,9.53
184,Butembo,CD,2021-07-27 18:15:28,0.15,29.2833,58.98,88,78,2.59
185,Yataity,PY,2021-07-27 18:15:29,-26.3667,-56.0667,58.19,28,59,11.3
186,Kutum,SD,2021-07-27 18:15:29,14.2,24.6667,76.26,65,82,8.86
187,Polonnaruwa,LK,2021-07-27 18:15:29,7.9333,81.0,81.57,66,68,13.71
188,Sao Joao Do Piaui,BR,2021-07-27 18:15:29,-8.3581,-42.2467,94.51,25,6,8.55
189,Kavieng,PG,2021-07-27 18:13:30,-2.5744,150.7967,82.76,74,41,12.41
190,Tuatapere,NZ,2021-07-27 18:15:30,-46.1333,167.6833,48.81,87,77,5.1
191,Ilula,TZ,2021-07-27 18:15:30,-7.6766,36.0366,53.91,62,1,5.1
192,Iqaluit,CA,2021-07-27 18:15:30,63.7506,-68.5145,55.13,58,75,6.91
193,Olden,NO,2021-07-27 18:15:31,61.8364,6.8064,72.52,71,100,4.92
194,Hokitika,NZ,2021-07-27 18:15:31,-42.7167,170.9667,48.16,86,90,3.38
195,Merrill,US,2021-07-27 18:15:31,45.1805,-89.6835,82.17,69,40,12.66
196,Roma,US,2021-07-27 18:15:31,43.2128,-75.4557,86.13,70,75,3.44
197,Pogar,RU,2021-07-27 18:15:32,52.554,33.2591,72.37,59,84,7.96
198,Aloleng,PH,2021-07-27 18:15:32,16.1307,119.7824,82.27,84,100,20.09
199,Ornskoldsvik,SE,2021-07-27 18:15:32,63.2909,18.7153,76.82,43,0,5.75
200,Bonavista,CA,2021-07-27 18:15:32,48.6499,-53.1147,69.8,94,95,14.29
201,Juruti,BR,2021-07-27 18:15:33,-2.1522,-56.0922,96.53,30,3,5.46
202,Westport,US,2021-07-27 18:15:33,41.1415,-73.3579,92.61,48,1,1.01
203,Mantua,IT,2021-07-27 18:15:33,45.1667,10.7833,79.12,85,43,3.0
204,Mataura,NZ,2021-07-27 18:15:34,-46.1927,168.8643,48.47,93,96,1.7
205,Lata,PT,2021-07-27 18:15:34,40.1629,-8.3327,80.04,53,0,11.48
206,Kendrapara,IN,2021-07-27 18:15:34,20.5042,86.416,81.01,86,100,10.22
207,Husavik,IS,2021-07-27 18:15:34,66.0449,-17.3389,49.91,99,100,11.23
208,Badarganj,BD,2021-07-27 18:15:35,25.674,89.0549,82.33,89,99,5.41
209,Sept-Iles,CA,2021-07-27 18:15:35,50.2001,-66.3821,68.52,73,75,11.5
210,Luganville,VU,2021-07-27 18:15:35,-15.5333,167.1667,76.32,86,99,13.11
211,Esperance,AU,2021-07-27 18:15:36,-33.8667,121.9,50.34,76,69,19.22
212,Loknya,RU,2021-07-27 18:15:36,56.83,30.1467,66.58,85,99,6.85
213,Sao Joao Da Barra,BR,2021-07-27 18:15:36,-21.6403,-41.0511,80.69,67,0,14.07
214,Labytnangi,RU,2021-07-27 18:15:36,66.6572,66.4183,49.17,90,100,14.9
215,Atuona,PF,2021-07-27 18:15:37,-9.8,-139.0333,78.15,66,32,21.05
216,Liepaja,LV,2021-07-27 18:15:37,56.5419,21.0367,73.38,78,75,3.44
217,Caravelas,BR,2021-07-27 18:15:37,-17.7125,-39.2481,78.01,61,12,9.24
218,Puerto Gaitan,CO,2021-07-27 18:14:53,4.3133,-72.0816,85.5,64,50,2.19
219,Bujaru,BR,2021-07-27 18:15:37,-1.515,-48.0447,87.82,53,59,4.23
220,Tautira,PF,2021-07-27 18:15:38,-17.7333,-149.15,78.82,77,35,13.02
221,Magadan,RU,2021-07-27 18:15:38,59.5667,150.8,52.88,91,100,10.11
222,Arkhangelsk,RU,2021-07-27 18:15:38,64.5401,40.5433,53.71,87,0,4.47
223,Jalu,LY,2021-07-27 18:15:39,29.0331,21.5482,93.15,20,0,7.38
224,Norman Wells,CA,2021-07-27 18:15:39,65.282,-126.8329,60.84,67,75,4.61
225,Muswellbrook,AU,2021-07-27 18:15:39,-32.2667,150.9,38.32,89,15,5.17
226,Malumfashi,NG,2021-07-27 18:15:39,11.7853,7.6218,70.99,86,99,12.86
227,Hobyo,SO,2021-07-27 18:15:40,5.3505,48.5268,78.89,68,92,22.97
228,Tsumeb,NA,2021-07-27 18:10:44,-19.2333,17.7167,60.82,26,0,7.96
229,Verkhnevilyuysk,RU,2021-07-27 18:15:40,63.4453,120.3167,59.86,67,27,3.15
230,Margate,GB,2021-07-27 18:15:40,51.3813,1.3862,68.92,68,77,4.0
231,New Norfolk,AU,2021-07-27 18:15:40,-42.7826,147.0587,57.92,62,98,1.99
232,Port Blair,IN,2021-07-27 18:15:41,11.6667,92.75,82.13,84,91,17.94
233,Gannan,CN,2021-07-27 18:15:41,47.9147,123.5031,65.48,95,50,2.95
234,Ahipara,NZ,2021-07-27 18:15:41,-35.1667,173.1667,54.59,82,20,8.3
235,Juneau,US,2021-07-27 18:15:42,58.3019,-134.4197,60.84,87,75,1.01
236,Adra,ES,2021-07-27 18:15:42,36.7496,-3.0206,97.63,74,1,3.53
237,Touros,BR,2021-07-27 18:15:42,-5.1989,-35.4608,76.1,66,9,16.53
238,Sapa,PH,2021-07-27 18:15:42,5.1544,120.3241,82.96,82,100,9.01
239,Brae,GB,2021-07-27 18:15:43,60.3964,-1.353,55.31,83,80,5.21
240,Aitape,PG,2021-07-27 18:15:43,-3.1374,142.3475,78.3,88,34,6.35
241,Havelock,US,2021-07-27 18:15:43,34.8791,-76.9013,91.63,84,87,7.94
242,Chepareria,KE,2021-07-27 18:15:44,1.3077,35.2039,61.9,85,83,1.9
243,Geraldton,AU,2021-07-27 18:15:44,-28.7667,114.6,60.13,72,90,9.22
244,Balkhash,KZ,2021-07-27 18:15:44,46.844,74.9804,72.95,34,0,12.86
245,Camacupa,AO,2021-07-27 18:15:45,-12.0167,17.4833,61.27,26,59,1.25
246,Oktyabrskoye,RU,2021-07-27 18:14:16,43.0645,44.7417,57.34,100,100,13.42
247,Alta Floresta,BR,2021-07-27 18:15:45,-9.8756,-56.0861,94.82,28,40,3.44
248,Broken Hill,AU,2021-07-27 18:15:45,-31.95,141.4333,58.95,37,59,15.28
249,Yozgat,TR,2021-07-27 18:15:45,39.5833,35.3333,66.96,51,36,17.6
250,Tessalit,ML,2021-07-27 18:10:46,20.1986,1.0114,94.84,27,39,8.12
251,Monte Alegre,BR,2021-07-27 18:15:46,-2.0078,-54.0692,94.6,36,1,2.48
252,Qostanay,KZ,2021-07-27 18:15:46,53.1667,63.5833,62.17,54,54,7.52
253,Muros,ES,2021-07-27 18:15:46,42.7762,-9.0603,78.15,62,32,13.91
254,Salamiyah,SY,2021-07-27 18:15:47,35.0113,37.0532,83.88,38,0,11.81
255,Flin Flon,CA,2021-07-27 18:15:06,54.7682,-101.865,78.21,34,83,10.96
256,Vila,PT,2021-07-27 18:15:47,42.0304,-8.1588,69.75,55,21,7.49
257,Samarai,PG,2021-07-27 18:15:47,-10.6167,150.6667,78.57,84,83,11.54
258,Sobolevo,RU,2021-07-27 18:15:01,54.4299,31.8996,67.51,73,100,6.91
259,Corrente,BR,2021-07-27 18:15:47,-3.7367,-43.3394,96.53,29,29,3.2
260,Londoko,RU,2021-07-27 18:15:48,49.0333,131.9833,68.97,95,7,2.28
261,Puerto Escondido,MX,2021-07-27 18:15:48,15.85,-97.0667,85.03,74,75,5.75
262,Ouadda,CF,2021-07-27 18:15:48,8.0777,22.4007,68.45,97,92,3.56
263,Svirstroy,RU,2021-07-27 18:15:48,60.7999,33.7248,64.09,87,14,8.97
264,General Cepeda,MX,2021-07-27 18:15:49,25.3833,-101.45,82.83,35,3,10.92
265,Diego De Almagro,CL,2021-07-27 18:15:49,-26.3667,-70.05,70.34,13,0,8.28
266,Vidim,RU,2021-07-27 18:15:49,56.4088,103.1106,64.51,52,1,2.68
267,Walvis Bay,NA,2021-07-27 18:15:50,-22.9575,14.5053,65.35,55,0,4.61
268,Bara,NG,2021-07-27 18:15:50,10.3744,10.7288,76.05,77,99,5.03
269,Ushuaia,AR,2021-07-27 18:14:22,-54.8,-68.3,37.06,87,90,4.61
270,Vanimo,PG,2021-07-27 18:15:50,-2.6741,141.3028,77.09,92,72,6.6
271,Vestmanna,FO,2021-07-27 18:15:51,62.1564,-7.1664,52.72,100,90,6.91
272,Olavarria,AR,2021-07-27 18:15:51,-36.8927,-60.3225,47.14,48,77,21.52
273,Shahr-E Babak,IR,2021-07-27 18:15:51,30.1165,55.1186,81.97,20,35,16.15
274,Jinchang,CN,2021-07-27 18:15:51,38.4953,102.1739,73.92,31,55,8.23
275,Cap Malheureux,MU,2021-07-27 18:10:52,-19.9842,57.6142,67.46,82,67,5.99
276,Sao Filipe,CV,2021-07-27 18:15:52,14.8961,-24.4956,75.51,77,53,7.63
277,Boke,GN,2021-07-27 18:15:52,10.9409,-14.2967,79.23,88,100,7.05
278,Kahului,US,2021-07-27 18:15:52,20.8947,-156.47,79.86,85,40,16.11
279,Guilin,CN,2021-07-27 18:11:27,25.2819,110.2864,79.3,81,23,2.39
280,Valga,EE,2021-07-27 18:15:53,57.7778,26.0473,66.99,88,100,3.0
281,Los Llanos De Aridane,ES,2021-07-27 18:15:53,28.6585,-17.9182,72.12,79,75,17.27
282,Klaksvik,FO,2021-07-27 18:15:53,62.2266,-6.589,54.52,97,94,13.47
283,Carira,BR,2021-07-27 18:15:53,-10.3608,-37.7011,78.13,63,74,11.48
284,Pringsewu,ID,2021-07-27 18:15:54,-5.3582,104.9744,68.13,85,11,2.13
285,San Rafael,AR,2021-07-27 18:15:54,-34.6177,-68.3301,49.95,25,100,11.05
286,Nakusp,CA,2021-07-27 18:15:54,50.2499,-117.8023,71.94,49,0,3.44
287,Carutapera,BR,2021-07-27 18:15:54,-1.195,-46.02,84.04,67,49,8.5
288,Yabassi,CM,2021-07-27 18:15:55,4.457,9.9682,75.54,81,86,2.75
289,Sistranda,NO,2021-07-27 18:15:55,63.7256,8.834,75.16,91,87,2.19
290,Kilinochchi,LK,2021-07-27 18:15:55,9.3961,80.3982,81.5,78,63,16.96
291,Puerto Madryn,AR,2021-07-27 18:15:55,-42.7692,-65.0385,45.88,59,57,26.19
292,Oranjemund,NA,2021-07-27 18:15:56,-28.55,16.4333,55.99,86,0,6.6
293,Ketchikan,US,2021-07-27 18:15:56,55.3422,-131.6461,61.27,72,75,13.8
294,Marsa Matruh,EG,2021-07-27 18:15:56,31.3525,27.2453,79.54,72,0,11.56
295,Malatya,TR,2021-07-27 18:15:57,38.5,38.0,77.05,32,0,24.16
296,Lagoa,PT,2021-07-27 18:15:57,39.05,-27.9833,72.27,84,100,11.61
297,Fort Nelson,CA,2021-07-27 18:15:05,58.8053,-122.7002,69.31,51,15,2.21
298,Laguna,US,2021-07-27 18:15:57,38.421,-121.4238,84.7,29,1,3.44
299,High Rock,BS,2021-07-27 18:15:57,26.6208,-78.2833,87.82,68,7,9.28
300,Russkaya Polyana,UA,2021-07-27 18:15:58,49.417,31.9201,75.56,44,25,7.43
301,Bilma,NE,2021-07-27 18:13:18,18.6853,12.9164,92.53,32,48,10.96
302,Krasnoselkup,RU,2021-07-27 18:15:58,65.7,82.4667,46.78,95,100,10.42
303,Ligayan,PH,2021-07-27 18:15:58,4.6533,119.4706,83.89,81,100,11.9
304,Berekum,GH,2021-07-27 18:15:59,7.4534,-2.584,73.33,89,99,4.16
305,Lakes Entrance,AU,2021-07-27 18:11:42,-37.8811,147.981,61.18,51,96,13.53
306,Mahebourg,MU,2021-07-27 18:15:59,-20.4081,57.7,68.29,94,75,9.22
307,Coihaique,CL,2021-07-27 18:15:59,-45.5752,-72.0662,48.15,53,0,3.44
308,Denpasar,ID,2021-07-27 18:15:59,-8.65,115.2167,78.46,89,20,3.44
309,Lahij,YE,2021-07-27 18:16:00,13.1667,44.5833,84.15,61,92,10.04
310,Key West,US,2021-07-27 18:11:45,24.5557,-81.7826,91.4,62,1,9.22
311,Botwood,CA,2021-07-27 18:16:00,49.1499,-55.3482,78.31,68,100,10.83
312,Bethel,US,2021-07-27 18:16:00,41.3712,-73.414,90.81,54,1,1.99
313,Sinjar,IQ,2021-07-27 18:16:01,36.3209,41.8754,96.75,14,0,15.01
314,Mount Gambier,AU,2021-07-27 18:15:16,-37.8333,140.7667,51.37,89,96,19.57
315,Dubti,ET,2021-07-27 18:16:01,11.7361,41.0853,85.57,54,65,7.38
316,Roberval,CA,2021-07-27 18:16:01,48.5168,-72.2324,63.23,55,75,11.5
317,Ambon,ID,2021-07-27 18:16:02,-3.6954,128.1814,75.34,94,40,5.75
318,Sayat,TM,2021-07-27 18:16:02,38.7839,63.8803,91.27,12,0,24.67
319,Mitsamiouli,KM,2021-07-27 18:16:02,-11.3847,43.2844,76.28,73,34,13.35
320,Clyde River,CA,2021-07-27 18:11:12,70.4692,-68.5914,48.4,71,42,2.89
321,Clevelandia,BR,2021-07-27 18:16:02,-26.3958,-52.4708,44.37,94,100,8.63
322,Ikungi,TZ,2021-07-27 18:16:03,-5.1333,34.7667,62.55,45,25,6.8
323,Honolulu,US,2021-07-27 18:12:58,21.3069,-157.8583,82.22,62,20,14.97
324,Mana,GF,2021-07-27 18:16:03,5.6592,-53.7767,83.1,69,30,9.24
325,Huilong,CN,2021-07-27 18:16:03,31.8111,121.655,80.04,91,100,21.07
326,Almaznyy,RU,2021-07-27 18:16:04,48.0448,40.045,68.14,52,87,7.81
327,Quballat,TN,2021-07-27 18:16:04,36.5418,9.6633,86.22,27,50,17.38
328,Lincoln,US,2021-07-27 18:12:15,40.8,-96.667,96.03,54,1,3.0
329,Noumea,NC,2021-07-27 18:14:11,-22.2763,166.4572,68.0,99,13,8.81
330,Piedras Negras,MX,2021-07-27 18:16:04,28.7,-100.5167,94.26,46,20,6.91
331,Mayahi,NE,2021-07-27 18:16:05,13.9553,7.6712,87.49,50,100,13.38
332,Inongo,CD,2021-07-27 18:16:05,-1.95,18.2667,74.25,40,45,1.32
333,Port Hardy,CA,2021-07-27 18:15:05,50.6996,-127.4199,59.58,74,19,4.97
334,Carahue,CL,2021-07-27 18:16:05,-38.7,-73.1667,52.0,64,8,6.76
335,Oxford,GB,2021-07-27 18:15:00,51.7522,-1.256,69.78,82,40,1.01
336,Albania,AL,2021-07-27 18:16:06,41.0,20.0,85.91,29,0,2.35
337,Yuli,NG,2021-07-27 18:16:06,9.6989,10.2744,75.61,73,98,5.08
338,Ondjiva,AO,2021-07-27 18:16:06,-17.0667,15.7333,62.38,24,0,5.97
339,Kodiak,US,2021-07-27 18:16:06,57.79,-152.4072,58.51,63,1,3.44
340,Ballinrobe,IE,2021-07-27 18:16:07,53.6333,-9.2333,64.69,67,72,9.48
341,Bandarbeyla,SO,2021-07-27 18:16:07,9.4942,50.8122,78.94,73,98,27.25
342,Pogranichnyy,RU,2021-07-27 18:16:07,44.4064,131.3769,73.42,84,92,1.07
343,Half Moon Bay,US,2021-07-27 18:16:08,37.4636,-122.4286,87.24,69,40,5.75
344,Cayenne,GF,2021-07-27 18:16:08,4.9333,-52.3333,86.09,77,90,4.0
345,Asosa,ET,2021-07-27 18:16:08,10.0667,34.5333,58.95,99,100,1.12
346,Khatanga,RU,2021-07-27 18:16:09,71.9667,102.5,74.32,58,75,13.2
347,Quatre Cocos,MU,2021-07-27 18:16:09,-20.2078,57.7625,68.11,83,88,13.94
348,Vila Franca Do Campo,PT,2021-07-27 18:16:09,37.7167,-25.4333,72.01,78,51,10.13
349,Porto Novo,BJ,2021-07-27 18:16:09,6.4965,2.6036,78.62,72,99,9.75
350,College,US,2021-07-27 18:16:10,64.8569,-147.8028,63.21,77,90,0.0
351,Lubao,PH,2021-07-27 18:16:10,14.9167,120.55,80.15,85,100,11.34
352,Sinnamary,GF,2021-07-27 18:16:10,5.3833,-52.95,84.25,67,37,8.61
353,Puerto Leguizamo,CO,2021-07-27 18:16:10,-0.1934,-74.7819,90.3,49,34,1.05
354,Shimoda,JP,2021-07-27 18:16:11,34.6667,138.95,76.1,84,100,6.67
355,Comodoro Rivadavia,AR,2021-07-27 18:16:11,-45.8667,-67.5,49.86,53,40,10.36
356,Neuquen,AR,2021-07-27 18:16:11,-38.9516,-68.0591,55.29,26,0,12.66
357,Salalah,OM,2021-07-27 18:16:11,17.0151,54.0924,78.89,94,75,5.75
358,Darab,IR,2021-07-27 18:16:12,28.7519,54.5444,93.04,17,19,25.23
359,San Quintin,MX,2021-07-27 18:16:12,30.4833,-115.95,75.51,68,7,10.45
360,Bengkulu,ID,2021-07-27 18:16:12,-3.8004,102.2655,74.41,81,2,4.9
361,Eyl,SO,2021-07-27 18:16:12,7.9803,49.8164,82.81,59,100,18.28
362,Dedza,MW,2021-07-27 18:16:13,-14.3779,34.3332,48.45,60,62,3.38
363,Ambikapur,IN,2021-07-27 18:16:13,23.1167,83.2,72.91,94,100,11.83
364,Takaka,NZ,2021-07-27 18:16:13,-40.85,172.8,46.56,81,0,4.29
365,San Cristobal,VE,2021-07-27 18:16:13,7.7669,-72.225,80.78,54,86,6.82
366,Norsup,VU,2021-07-27 18:15:23,-16.0667,167.3833,76.14,83,98,14.45
367,Somvarpet,IN,2021-07-27 18:16:14,12.6,75.8667,65.19,92,100,8.08
368,Boa Viagem,BR,2021-07-27 18:16:14,-5.1275,-39.7322,93.76,26,56,7.99
369,Coahuayana,MX,2021-07-27 18:16:14,18.7333,-103.6833,89.08,58,90,4.59
370,Whitehorse,CA,2021-07-27 18:16:15,60.7161,-135.0538,53.02,87,75,8.01
371,Bayeux,BR,2021-07-27 18:16:15,-7.125,-34.9322,84.83,70,0,13.8
372,Alice Springs,AU,2021-07-27 18:16:04,-23.7,133.8833,62.15,45,9,6.91
373,Gimbi,ET,2021-07-27 18:16:16,9.1667,35.8333,56.41,98,98,3.56
374,Beyneu,KZ,2021-07-27 18:16:16,45.3167,55.2,83.89,17,60,14.41
375,Aguia Branca,BR,2021-07-27 18:16:16,-18.9831,-40.7403,86.14,31,9,6.08
376,Beni Suef,EG,2021-07-27 18:16:16,29.0731,31.0979,92.97,20,0,8.72
377,Akdepe,TM,2021-07-27 18:16:17,42.0551,59.3788,84.2,26,0,14.7
378,Sagna,RO,2021-07-27 18:16:17,46.9833,27.0167,80.15,78,55,7.47
379,Humaita,BR,2021-07-27 18:16:17,-7.5061,-63.0208,100.85,24,5,2.73
380,Gualeguaychu,AR,2021-07-27 18:16:17,-33.0094,-58.5172,53.04,52,1,15.01
381,Saint-Augustin,CA,2021-07-27 18:16:18,51.226,-58.6502,65.88,84,97,9.26
382,Phuket,TH,2021-07-27 18:14:50,8.0,98.25,82.62,83,40,14.97
383,Ranong,TH,2021-07-27 18:16:18,9.9658,98.6348,80.11,87,89,14.25
384,Sterling,US,2021-07-27 18:13:01,39.0062,-77.4286,95.13,41,40,1.01
385,Alofi,NU,2021-07-27 18:15:17,-19.0595,-169.9187,75.76,74,50,5.99
386,Muisne,EC,2021-07-27 18:11:34,0.6,-80.0333,77.32,80,99,7.2
387,Chapais,CA,2021-07-27 18:16:19,49.7834,-74.8492,62.38,46,78,6.71
388,Hearst,CA,2021-07-27 18:16:19,49.6835,-83.6665,70.05,33,3,3.4
389,Payson,US,2021-07-27 18:16:19,40.0444,-111.7321,89.35,44,1,3.0
390,Camacha,PT,2021-07-27 18:16:19,33.0833,-16.3333,69.22,73,40,17.27
391,Yanam,IN,2021-07-27 18:16:20,16.7333,82.2167,85.17,61,98,8.55
392,Shetpe,KZ,2021-07-27 18:16:20,44.1667,52.1167,80.87,20,72,16.71
393,Jinka,ET,2021-07-27 18:16:20,5.65,36.65,66.96,62,86,0.45
394,Muroto,JP,2021-07-27 18:16:20,33.2833,134.15,79.0,81,88,4.03
395,Dolzhanskaya,RU,2021-07-27 18:16:21,46.6311,37.8039,78.49,58,16,10.94
396,Terrace,CA,2021-07-27 18:15:31,54.5163,-128.6035,65.43,82,75,0.0
397,Shimonoseki,JP,2021-07-27 18:16:21,33.95,130.95,78.8,83,40,4.61
398,Novikovo,RU,2021-07-27 18:16:21,51.1537,37.8879,74.68,49,66,3.89
399,Mackenzie,CA,2021-07-27 18:16:21,55.2999,-123.1698,62.82,55,20,5.75
400,Klamath Falls,US,2021-07-27 18:15:06,42.2249,-121.7817,64.31,77,90,4.61
401,Suphan Buri,TH,2021-07-27 18:16:22,14.4742,100.1222,79.43,77,99,7.85
402,Port Alfred,ZA,2021-07-27 18:16:22,-33.5906,26.891,72.97,27,0,21.54
403,Soma,TR,2021-07-27 18:16:22,39.1855,27.6094,87.62,45,0,10.94
404,Warrnambool,AU,2021-07-27 18:16:23,-38.3833,142.4833,57.81,83,88,26.15
405,Dubbo,AU,2021-07-27 18:16:23,-32.25,148.6167,42.93,87,28,8.05
406,Barreirinhas,BR,2021-07-27 18:16:23,-2.7469,-42.8264,83.97,64,79,9.37
407,Te Anau,NZ,2021-07-27 18:16:24,-45.4167,167.7167,43.74,93,74,5.01
408,Tromso,NO,2021-07-27 18:16:24,69.6496,18.957,72.25,82,0,17.27
409,Tosya,TR,2021-07-27 18:16:24,41.0155,34.0401,65.3,67,4,5.35
410,Akhtyrskiy,RU,2021-07-27 18:16:24,44.8546,38.3031,70.77,62,85,13.73
411,Katsuura,JP,2021-07-27 18:16:25,35.1333,140.3,78.12,85,78,14.97
412,Campiglia Marittima,IT,2021-07-27 18:16:25,43.0602,10.6152,81.01,80,20,10.56
413,Tahe,CN,2021-07-27 18:16:25,52.3333,124.7333,63.57,100,100,3.22
414,Nerchinskiy Zavod,RU,2021-07-27 18:16:25,51.3088,119.61,57.25,95,74,1.14
415,Tausa,CO,2021-07-27 18:16:26,5.199,-73.8913,57.45,76,83,3.22
416,Jidong,CN,2021-07-27 18:16:26,45.2167,131.0833,75.25,72,38,2.8
417,Brigantine,US,2021-07-27 18:16:26,39.4101,-74.3646,96.33,52,20,10.36
418,Sao Francisco,BR,2021-07-27 18:16:26,-15.9486,-44.8644,88.95,18,32,1.21
419,Mabaruma,GY,2021-07-27 18:16:27,8.2,-59.7833,84.06,76,87,3.65
420,Shache,CN,2021-07-27 18:16:08,38.4167,77.2406,88.54,19,3,8.12
421,Sangar,RU,2021-07-27 18:16:27,63.9242,127.4739,53.35,73,25,1.57
422,Bani Walid,LY,2021-07-27 18:16:27,31.7566,13.9942,82.02,38,0,20.27
423,Lapua,FI,2021-07-27 18:16:28,62.9693,23.0088,81.34,40,55,5.41
424,Souillac,MU,2021-07-27 18:16:28,-20.5167,57.5167,68.38,94,75,9.22
425,Sisimiut,GL,2021-07-27 18:15:55,66.9395,-53.6735,57.47,56,92,23.13
426,Tabuk,PH,2021-07-27 18:13:49,17.4189,121.4443,77.85,82,100,2.55
427,Sandorfalva,HU,2021-07-27 18:16:28,46.3609,20.0989,89.94,35,73,2.68
428,Pochutla,MX,2021-07-27 18:16:28,15.7432,-96.4661,91.81,55,99,5.14
429,Olafsvik,IS,2021-07-27 18:13:51,64.8945,-23.7142,52.47,79,76,16.84
430,Esso,RU,2021-07-27 18:16:29,55.9333,158.7,57.43,93,93,3.13
431,Scottsboro,US,2021-07-27 18:16:29,34.6723,-86.0341,92.86,70,20,0.0
432,Fernie,CA,2021-07-27 18:16:29,49.5,-115.0687,82.49,19,82,5.19
433,Harnai,PK,2021-07-27 18:16:30,30.1005,67.9374,90.23,51,81,7.81
434,Caborca,MX,2021-07-27 18:16:30,30.5838,-111.101,89.49,35,32,4.18
435,Ugoofaaru,MV,2021-07-27 18:16:30,5.6667,73.0,82.67,76,93,13.89
436,Srednekolymsk,RU,2021-07-27 18:12:17,67.45,153.6833,41.16,78,100,11.01
437,Kendari,ID,2021-07-27 18:11:38,-3.945,122.4989,73.56,94,28,3.38
438,Tuktoyaktuk,CA,2021-07-27 18:16:20,69.4541,-133.0374,48.2,87,90,8.05
439,Shiyan,CN,2021-07-27 18:16:30,32.6475,110.7781,74.44,95,92,0.67
440,Kremenki,RU,2021-07-27 18:16:31,54.885,37.1261,68.9,79,61,2.91
441,Gat,IL,2021-07-27 18:14:01,31.61,34.7642,83.08,66,0,6.76
442,Ulaanbaatar,MN,2021-07-27 18:16:31,47.9077,106.8832,53.73,76,0,2.24
443,Araceli,PH,2021-07-27 18:16:31,10.5529,119.9913,83.57,79,100,16.46
444,Gornopravdinsk,RU,2021-07-27 18:16:32,60.05,69.9,54.07,96,98,3.87
445,Moose Factory,CA,2021-07-27 18:13:29,51.2585,-80.6094,66.18,59,75,5.75
446,Bad Salzungen,DE,2021-07-27 18:16:32,50.8167,10.2333,74.19,68,100,1.01
447,Acapulco,MX,2021-07-27 18:15:09,16.8634,-99.8901,84.02,79,75,3.44
448,Bay-Khaak,RU,2021-07-27 18:16:32,51.1667,94.5,62.01,84,96,2.26
449,Ust-Kuyga,RU,2021-07-27 18:16:33,70.0167,135.6,41.11,79,26,7.14
450,Luderitz,NA,2021-07-27 18:16:33,-26.6481,15.1594,58.12,76,0,10.92
451,Glasgow,GB,2021-07-27 18:16:33,55.8652,-4.2576,67.19,73,75,5.01
452,Macusani,PE,2021-07-27 18:16:33,-14.0833,-70.4333,48.18,46,20,12.03
453,Luwuk,ID,2021-07-27 18:16:34,-0.9516,122.7875,75.33,81,24,5.86
454,Byron Bay,AU,2021-07-27 18:13:11,-28.65,153.6167,57.15,90,2,11.07
455,Japura,ID,2021-07-27 18:16:34,-0.3167,102.35,73.17,70,8,3.33
456,Bac Lieu,VN,2021-07-27 18:16:34,9.285,105.7244,80.42,84,11,10.78
457,Nea Pella,GR,2021-07-27 18:16:35,40.7661,22.4856,89.15,56,0,7.16
458,Adamas,GR,2021-07-27 18:16:35,36.7333,24.4333,80.02,67,0,15.17
459,Inirida,CO,2021-07-27 18:16:35,3.8653,-67.9239,81.75,85,93,1.5
460,Pirovskoye,RU,2021-07-27 18:16:35,57.6267,92.2658,59.34,70,97,8.03
461,Petropavlovsk-Kamchatskiy,RU,2021-07-27 18:14:00,53.0452,158.6483,57.07,87,100,14.79
462,Zhoucheng,CN,2021-07-27 18:16:36,35.9122,116.3117,78.03,89,100,5.55
463,Kirakira,SB,2021-07-27 18:16:36,-10.4544,161.9205,77.81,85,65,9.13
464,Vila Velha,BR,2021-07-27 18:16:36,-20.3297,-40.2925,78.75,69,20,14.97
465,Eureka,US,2021-07-27 18:11:58,40.8021,-124.1637,55.26,91,100,3.62
466,Bocas Del Toro,PA,2021-07-27 18:16:36,9.3333,-82.25,81.0,75,53,4.68
467,Paamiut,GL,2021-07-27 18:16:37,61.994,-49.6678,45.57,77,84,16.93
468,Isabela,PH,2021-07-27 18:16:37,6.7085,121.9711,79.34,90,100,3.38
469,Chimoio,MZ,2021-07-27 18:16:37,-19.1164,33.4833,57.06,100,75,0.0
470,Franklin,US,2021-07-27 18:13:00,39.9667,-83.0166,90.45,42,1,3.0
471,Lompoc,US,2021-07-27 18:16:38,34.6391,-120.4579,81.01,78,40,3.44
472,Casa Nova,BR,2021-07-27 18:16:38,-9.4167,-41.1333,87.78,43,10,10.45
473,Krasnyy Oktyabr,RU,2021-07-27 18:16:38,56.1167,38.8833,67.93,58,24,2.89
474,Ziarat,PK,2021-07-27 18:16:39,30.3823,67.7282,70.92,66,54,5.17
475,Port Keats,AU,2021-07-27 18:16:39,-14.25,129.55,71.28,84,92,3.29
476,Pontes E Lacerda,BR,2021-07-27 18:16:39,-15.2261,-59.3353,90.64,30,21,10.96
477,Moron,AR,2021-07-27 18:16:40,-34.6534,-58.6198,52.02,51,3,7.0
478,Tigzirt,DZ,2021-07-27 18:16:40,36.8886,4.1198,79.21,70,4,9.28
479,Solnechnyy,RU,2021-07-27 18:16:40,50.7214,136.6319,67.21,98,100,2.44
480,Pacific Grove,US,2021-07-27 18:16:40,36.6177,-121.9166,86.81,81,1,1.01
481,Suez,EG,2021-07-27 18:16:41,29.9737,32.5263,83.53,48,0,14.9
482,Zeya,RU,2021-07-27 18:16:41,53.75,127.2667,63.37,97,100,3.76
483,Mathbaria,BD,2021-07-27 18:16:41,22.2876,89.9593,81.01,88,100,11.86
484,Tazovskiy,RU,2021-07-27 18:16:41,67.4667,78.7,42.53,93,100,12.97
485,Kalisz,PL,2021-07-27 18:16:42,51.7611,18.091,76.71,58,72,6.89
486,Jalingo,NG,2021-07-27 18:16:42,8.8833,11.3667,75.11,79,92,3.24
487,Saint-Philippe,RE,2021-07-27 18:16:42,-21.3585,55.7679,69.39,77,57,11.25
488,Gladstone,AU,2021-07-27 18:16:42,-23.85,151.25,55.33,88,90,5.75
489,Yumen,CN,2021-07-27 18:16:43,40.2833,97.2,77.65,23,34,9.06
490,Siavonga,ZM,2021-07-27 18:16:43,-16.5382,28.7088,64.51,48,56,3.0
491,Saint-Pierre,RE,2021-07-27 18:16:43,-21.3393,55.4781,69.48,81,75,14.97
492,Nhamunda,BR,2021-07-27 18:16:43,-2.1861,-56.7131,98.82,26,7,4.79
493,Bend,US,2021-07-27 18:16:44,44.0582,-121.3153,68.61,77,20,8.05
494,Trojes,AL,2021-07-27 18:16:44,41.756,19.962,79.29,38,0,1.63
495,Rio Gallegos,AR,2021-07-27 18:16:44,-51.6226,-69.2181,42.85,87,90,11.5
496,Khorramshahr,IR,2021-07-27 18:16:44,30.4397,48.1664,103.96,13,0,4.61
497,Wuda,CN,2021-07-27 18:16:45,39.4994,106.7117,73.13,49,40,14.07
498,Satuk,TR,2021-07-27 18:16:45,41.2263,32.3836,66.92,85,5,0.87
499,Hushitai,CN,2021-07-27 18:16:45,41.9322,123.5114,75.11,90,47,2.39
500,Armidale,AU,2021-07-27 18:16:46,-30.5167,151.65,39.47,72,1,5.93
501,Obihiro,JP,2021-07-27 18:16:46,42.9172,143.2044,67.55,99,100,1.32
502,Altay,CN,2021-07-27 18:16:46,47.8667,88.1167,66.42,61,2,5.32
503,Beloha,MG,2021-07-27 18:16:46,-25.1667,45.05,61.21,70,46,10.25
504,Sabalgarh,IN,2021-07-27 18:16:47,26.25,77.4,79.65,82,98,12.33
505,Uhlove,UA,2021-07-27 18:16:47,44.8215,33.6045,78.57,57,45,5.19
506,Port Moresby,PG,2021-07-27 18:16:47,-9.4431,147.1797,76.42,94,75,0.0
507,Kokopo,PG,2021-07-27 18:16:48,-4.352,152.2633,75.97,84,33,5.23
508,Semnan,IR,2021-07-27 18:16:48,35.5729,53.3971,88.65,26,39,9.91
509,Minot,US,2021-07-27 18:16:48,48.2325,-101.2963,90.79,35,1,14.97
510,Prince Rupert,CA,2021-07-27 18:16:48,54.3161,-130.3201,60.49,85,90,4.61
511,Mehnagar,IN,2021-07-27 18:16:49,25.8833,83.1167,80.62,87,99,7.16
512,Opuwo,NA,2021-07-27 18:16:49,-18.0607,13.84,64.85,25,0,8.57
513,Kinshasa,CD,2021-07-27 18:16:49,-4.3246,15.3215,83.75,21,75,2.53
514,Kemin,KG,2021-07-27 18:16:50,42.7846,75.6892,69.64,56,27,4.16
515,Abu Dhabi,AE,2021-07-27 18:13:05,24.4667,54.3667,96.91,75,11,6.91
516,Hovd,MN,2021-07-27 18:16:50,48.0056,91.6419,65.66,62,48,3.49
517,Port Shepstone,ZA,2021-07-27 18:16:50,-30.7414,30.455,63.18,39,6,5.21
518,Maryville,US,2021-07-27 18:13:40,35.7565,-83.9705,93.07,62,40,1.99
519,Vyazovaya,RU,2021-07-27 18:16:51,54.905,58.3561,53.42,96,57,3.8
520,Punta Arenas,CL,2021-07-27 18:15:47,-53.15,-70.9167,42.91,93,75,9.22
521,Kangaatsiaq,GL,2021-07-27 18:16:51,68.3065,-53.4641,46.06,80,98,14.2
522,Kaeo,NZ,2021-07-27 18:16:51,-35.1,173.7833,47.32,94,13,5.75
523,Stepnyak,KZ,2021-07-27 18:16:51,52.8339,70.7803,56.07,60,62,9.04
524,Carrickfergus,GB,2021-07-27 18:16:52,54.7158,-5.8058,61.54,94,90,1.01
525,Kalmunai,LK,2021-07-27 18:16:52,7.4167,81.8167,83.17,68,94,2.59
